{"cameraMode":{"drawMode":0,"name":"Shaded","section":"Shading Mode"},"sceneLighting":true,"audioPlay":false,"sceneViewState":{"m_AlwaysRefresh":false,"showFog":true,"showSkybox":true,"showFlares":true,"showImageEffects":true,"showParticleSystems":true,"showVisualEffectGraphs":true,"m_FxEnabled":true},"in2DMode":false,"pivot":{"x":23.062795639038087,"y":-1.079797625541687,"z":1.1038497686386109},"rotation":{"x":-0.03994239494204521,"y":-0.5963891744613648,"z":0.029725616797804834,"w":-0.8011734485626221},"size":16.41762351989746,"orthographic":false}